{
  "HTTP Request 2" : {
    "transaction" : "HTTP Request 2",
    "sampleCount" : 40000,
    "errorCount" : 0,
    "errorPct" : 0.0,
    "meanResTime" : 1.1218749999999995,
    "medianResTime" : 1.0,
    "minResTime" : 0.0,
    "maxResTime" : 116.0,
    "pct1ResTime" : 2.0,
    "pct2ResTime" : 2.0,
    "pct3ResTime" : 3.0,
    "throughput" : 867.5472271021754,
    "receivedKBytesPerSec" : 242.3032294445529,
    "sentKBytesPerSec" : 244.8448717114538
  },
  "HTTP Request 1" : {
    "transaction" : "HTTP Request 1",
    "sampleCount" : 10000,
    "errorCount" : 0,
    "errorPct" : 0.0,
    "meanResTime" : 1.421000000000003,
    "medianResTime" : 1.0,
    "minResTime" : 0.0,
    "maxResTime" : 116.0,
    "pct1ResTime" : 2.0,
    "pct2ResTime" : 3.0,
    "pct3ResTime" : 4.0,
    "throughput" : 682.2213125938055,
    "receivedKBytesPerSec" : 190.542280665848,
    "sentKBytesPerSec" : 192.54097591758767
  },
  "HTTP Request 4" : {
    "transaction" : "HTTP Request 4",
    "sampleCount" : 100000,
    "errorCount" : 0,
    "errorPct" : 0.0,
    "meanResTime" : 0.7897299999999957,
    "medianResTime" : 1.0,
    "minResTime" : 0.0,
    "maxResTime" : 116.0,
    "pct1ResTime" : 1.0,
    "pct2ResTime" : 1.0,
    "pct3ResTime" : 2.0,
    "throughput" : 1222.76295517351,
    "receivedKBytesPerSec" : 341.5138722457265,
    "sentKBytesPerSec" : 345.09618559096134
  },
  "Total" : {
    "transaction" : "Total",
    "sampleCount" : 200000,
    "errorCount" : 0,
    "errorPct" : 0.0,
    "meanResTime" : 0.9526150000000077,
    "medianResTime" : 1.0,
    "minResTime" : 0.0,
    "maxResTime" : 116.0,
    "pct1ResTime" : 1.0,
    "pct2ResTime" : 1.0,
    "pct3ResTime" : 2.0,
    "throughput" : 2445.52591034702,
    "receivedKBytesPerSec" : 683.027744491453,
    "sentKBytesPerSec" : 690.1923711819227
  },
  "HTTP Request 3" : {
    "transaction" : "HTTP Request 3",
    "sampleCount" : 50000,
    "errorCount" : 0,
    "errorPct" : 0.0,
    "meanResTime" : 1.049299999999991,
    "medianResTime" : 1.0,
    "minResTime" : 0.0,
    "maxResTime" : 116.0,
    "pct1ResTime" : 1.0,
    "pct2ResTime" : 2.0,
    "pct3ResTime" : 3.0,
    "throughput" : 925.4118082546732,
    "receivedKBytesPerSec" : 258.46462613362945,
    "sentKBytesPerSec" : 261.1757935406256
  }
}