{
  "Total" : {
    "transaction" : "Total",
    "sampleCount" : 170002,
    "errorCount" : 2,
    "errorPct" : 0.0011764568,
    "meanResTime" : 3.5941459512240885,
    "medianResTime" : 3.0,
    "minResTime" : 1.0,
    "maxResTime" : 511.0,
    "pct1ResTime" : 4.0,
    "pct2ResTime" : 4.0,
    "pct3ResTime" : 5.0,
    "throughput" : 23.236103231051487,
    "receivedKBytesPerSec" : 9.774332963607428,
    "sentKBytesPerSec" : 7.420190081987625
  },
  "HTTP Request" : {
    "transaction" : "HTTP Request",
    "sampleCount" : 170002,
    "errorCount" : 2,
    "errorPct" : 0.0011764568,
    "meanResTime" : 3.5941459512240885,
    "medianResTime" : 3.0,
    "minResTime" : 1.0,
    "maxResTime" : 511.0,
    "pct1ResTime" : 4.0,
    "pct2ResTime" : 4.0,
    "pct3ResTime" : 5.0,
    "throughput" : 23.236103231051487,
    "receivedKBytesPerSec" : 9.774332963607428,
    "sentKBytesPerSec" : 7.420190081987625
  }
}