{
  "Total" : {
    "transaction" : "Total",
    "sampleCount" : 10000,
    "errorCount" : 0,
    "errorPct" : 0.0,
    "meanResTime" : 1.9454000000000022,
    "medianResTime" : 2.0,
    "minResTime" : 0.0,
    "maxResTime" : 689.0,
    "pct1ResTime" : 3.0,
    "pct2ResTime" : 3.0,
    "pct3ResTime" : 3.0,
    "throughput" : 450.71438229593906,
    "receivedKBytesPerSec" : 117.52025397755442,
    "sentKBytesPerSec" : 91.11120813990173
  },
  "HTTP Request" : {
    "transaction" : "HTTP Request",
    "sampleCount" : 10000,
    "errorCount" : 0,
    "errorPct" : 0.0,
    "meanResTime" : 1.9454000000000022,
    "medianResTime" : 2.0,
    "minResTime" : 0.0,
    "maxResTime" : 689.0,
    "pct1ResTime" : 3.0,
    "pct2ResTime" : 3.0,
    "pct3ResTime" : 3.0,
    "throughput" : 450.71438229593906,
    "receivedKBytesPerSec" : 117.52025397755442,
    "sentKBytesPerSec" : 91.11120813990173
  }
}